Model,Accuracy,Precision,Recall,F1-Score,ROC-AUC
Random Forest,0.9510561566202989,0.8431372549019608,0.8459016393442623,0.8445171849427169,0.9317016714096757
Gradient Boosting,0.9510561566202989,0.8431372549019608,0.8459016393442623,0.8445171849427169,0.928529199567117
Logistic Regression,0.9500257599175682,0.8398692810457516,0.8426229508196721,0.8412438625204582,0.9079261693855464
