Modelo,AUC (Train),AUC (Val),Precision (Val),Recall (Val),F1-Score (Val),Overfitting (AUC)
Logistic Regression,0.9117990155962459,0.9087940712477529,0.7672413793103449,0.6334519572953736,0.6939571150097466,0.003004944348492966
Random Forest,0.9473846285725387,0.8998468283376747,0.7638888888888888,0.5871886120996441,0.6639839034205232,0.04753780023486398
