Métrica,Validation,Test,Diferencia %
AUC,0.9088,0.9127872770729913,0.43874087510907694
Accuracy,N/A,0.8524124881740776,N/A
Precision,0.7672,0.7695652173913043,0.30829215215124517
Recall,0.6335,0.6321428571428571,0.21422933814409387
F1-Score,0.694,0.6941176470588235,0.016952025767082945
