{
  "evaluation_date": "2026-01-10 22:53:39",
  "model_name": "Logistic Regression",
  "model_path": "models/champion/logistic_regression.pkl",
  "test_set_size": 1057,
  "test_churn_rate": 0.26490066225165565,
  "metrics": {
    "auc": 0.9127872770729913,
    "accuracy": 0.8524124881740776,
    "precision": 0.7695652173913043,
    "recall": 0.6321428571428571,
    "f1_score": 0.6941176470588235
  },
  "confusion_matrix": {
    "true_negatives": 724,
    "false_positives": 53,
    "false_negatives": 103,
    "true_positives": 177
  },
  "validation_comparison": {
    "auc_val": 0.9088,
    "auc_test": 0.9127872770729913,
    "auc_diff_pct": 0.43874087510907694,
    "f1_val": 0.694,
    "f1_test": 0.6941176470588235,
    "f1_diff_pct": 0.016952025767082945
  },
  "threshold_analysis": {
    "default_threshold": 0.5,
    "optimal_threshold": 0.3500000000000001,
    "optimal_f1": 0.7409948542024014,
    "f1_improvement_pct": 6.753495944413766
  },
  "production_ready": true
}